-- 기존 테이블 및 트리거 삭제
DROP TABLE HOSPITAL_ACCOUNT CASCADE CONSTRAINTS;
DROP TABLE HOSPITAL_INFO CASCADE CONSTRAINTS;
DROP TABLE MEDICAL_FIELD CASCADE CONSTRAINTS;
DROP TABLE MEMBER CASCADE CONSTRAINTS;
DROP TABLE DOCTOR_REVIEW CASCADE CONSTRAINTS;
DROP TABLE RESERVATION CASCADE CONSTRAINTS;
DROP TABLE TREATMENT CASCADE CONSTRAINTS;
DROP TABLE BOARD CASCADE CONSTRAINTS;
DROP TABLE FILE_TABLE CASCADE CONSTRAINTS;
DROP TABLE COMMENTS CASCADE CONSTRAINTS;

-- 기존 시퀀스 삭제
DROP SEQUENCE SEQ_HOS_NO;
DROP SEQUENCE SEQ_HOS_ACCOUNT_NO;
DROP SEQUENCE SEQ_RES_NO;
DROP SEQUENCE SEQ_USER_NO;
DROP SEQUENCE SEQ_TREATMENT_NO;
DROP SEQUENCE SEQ_BOARD_NO;
DROP SEQUENCE SEQ_REVIEW_NO;
DROP SEQUENCE SEQ_FILE_NO;
DROP SEQUENCE SEQ_MED_NO;
DROP SEQUENCE SEQ_BOARD_VIEWS;
DROP SEQUENCE SEQ_REVIEW_VIEWS;


-- 시퀀스 생성
CREATE SEQUENCE SEQ_HOS_NO START WITH 1 INCREMENT BY 1 NOCACHE;
CREATE SEQUENCE SEQ_HOS_ACCOUNT_NO START WITH 1 INCREMENT BY 1 NOCACHE;
CREATE SEQUENCE SEQ_RES_NO START WITH 1 INCREMENT BY 1 NOCACHE;
CREATE SEQUENCE SEQ_USER_NO START WITH 6 INCREMENT BY 1 NOCACHE;
CREATE SEQUENCE SEQ_TREATMENT_NO START WITH 1 INCREMENT BY 1 NOCACHE;
CREATE SEQUENCE SEQ_BOARD_NO START WITH 1 INCREMENT BY 1 NOCACHE;
CREATE SEQUENCE SEQ_REVIEW_NO START WITH 1 INCREMENT BY 1 NOCACHE;
CREATE SEQUENCE SEQ_FILE_NO START WITH 1 INCREMENT BY 1 NOCACHE;
CREATE SEQUENCE SEQ_MED_NO START WITH 1 INCREMENT BY 1 NOCACHE;
CREATE SEQUENCE SEQ_BOARD_VIEWS START WITH 1 INCREMENT BY 1 NOCACHE;
CREATE SEQUENCE SEQ_REVIEW_VIEWS START WITH 1 INCREMENT BY 1 NOCACHE;

-- 테이블 생성
CREATE TABLE HOSPITAL_INFO (
    HOS_NO VARCHAR2(10) NOT NULL PRIMARY KEY,
    HOS_NAME VARCHAR2(250),
    HOS_ADDRESS VARCHAR2(250),
    HOS_TEL VARCHAR2(20),
    DEPARTMENT VARCHAR2(250),
    HOS_START_TIME1 VARCHAR2(20),
    HOS_CLOSE_TIME1 VARCHAR2(20),
    HOS_START_TIME2 VARCHAR2(20),
    HOS_CLOSE_TIME2 VARCHAR2(20),
    HOS_LATITUDE NUMBER,
    HOS_LONGITUDE NUMBER
);

CREATE TABLE HOSPITAL_ACCOUNT (
    HOS_ACCOUNT_NO VARCHAR2(10) NOT NULL PRIMARY KEY,
    HOS_NO VARCHAR2(10) NOT NULL,
    HOS_ID VARCHAR2(20) NOT NULL,
    HOS_PWD VARCHAR2(20) NOT NULL,
    HOS_INFO VARCHAR2(2000),
    HOS_ONDUTY VARCHAR2(20),
    HOS_PARKING VARCHAR2(100),
    FOREIGN KEY (HOS_NO) REFERENCES HOSPITAL_INFO (HOS_NO)
);

CREATE TABLE MEDICAL_FIELD (
    MED_NO VARCHAR2(10) NOT NULL PRIMARY KEY,
    JOB VARCHAR2(50) NOT NULL,
    MEDICAL_FIELD_ID VARCHAR2(20) NOT NULL
);

CREATE TABLE MEMBER (
    USER_NO VARCHAR2(10) NOT NULL PRIMARY KEY,
    USER_ID VARCHAR2(20) NOT NULL UNIQUE,
    USER_PWD VARCHAR2(100) NOT NULL,
    USER_NAME VARCHAR2(20) NOT NULL,
    EMAIL VARCHAR2(50) NOT NULL,
    PHONE VARCHAR2(20) NOT NULL,
    BIRTHDAY DATE NOT NULL,
    GENDER CHAR(1) DEFAULT 'M' CHECK (GENDER IN ('M', 'F')),
    ADDRESS VARCHAR2(200),
    ENROLL_DATE DATE DEFAULT SYSDATE,
    STATUS CHAR(1) DEFAULT 'Y' CHECK (STATUS IN ('Y', 'N')),
    ISADMIN VARCHAR2(10) DEFAULT 'N',
    MED_KEY VARCHAR2(10),
    HOS_NO VARCHAR2(10),
    FOREIGN KEY (MED_KEY) REFERENCES MEDICAL_FIELD (MED_NO),
    FOREIGN KEY (HOS_NO) REFERENCES HOSPITAL_INFO (HOS_NO)
);

CREATE TABLE DOCTOR_REVIEW (
    REVIEW_NO VARCHAR2(10) NOT NULL PRIMARY KEY,
    USER_NO VARCHAR2(10) NOT NULL,
    REVIEW_TITLE VARCHAR2(200) NOT NULL,
    REVIEW_CONTENT VARCHAR2(2000) NOT NULL,
    REVIEW_CREATED_AT DATE DEFAULT SYSDATE,
    REVIEW_UPDATED_AT DATE DEFAULT SYSDATE,
    REVIEW_VIEWS VARCHAR2(10),
    REVIEW_RATING NUMBER,
    USER_ID2 VARCHAR2(20),
    FOREIGN KEY (USER_NO) REFERENCES MEMBER (USER_NO)
);

CREATE TABLE RESERVATION (
    RES_NO VARCHAR2(10) NOT NULL PRIMARY KEY,
    USER_NO VARCHAR2(10) NOT NULL,
    PATIENT_NAME VARCHAR2(20) NOT NULL,
    PATIENT_BIRTHDAY NUMBER NOT NULL,
    HOS_NO VARCHAR2(10) NOT NULL,
    RES_DATE DATE DEFAULT SYSDATE,
    RES_TIME DATE NOT NULL,
    RES_CATEGORY VARCHAR2(20) NOT NULL,
    RES_CONTENT VARCHAR2(2000),
    FOREIGN KEY (USER_NO) REFERENCES MEMBER (USER_NO),
    FOREIGN KEY (HOS_NO) REFERENCES HOSPITAL_INFO (HOS_NO)
);

CREATE TABLE TREATMENT (
    TREATMENT_NO VARCHAR2(10) NOT NULL PRIMARY KEY,
    RES_NO VARCHAR2(10) NOT NULL,
    VACCINE_CATEGORY VARCHAR2(20),
    HEALTH_SELECT VARCHAR2(20),
    RES_SELECT VARCHAR2(20),
    FOREIGN KEY (RES_NO) REFERENCES RESERVATION (RES_NO)
);

CREATE TABLE BOARD (
    BOARD_NO VARCHAR2(10) NOT NULL PRIMARY KEY,
    BOARD_TYPE NUMBER,
    USER_NO VARCHAR2(10) NOT NULL,
    BOARD_TITLE VARCHAR2(200) NOT NULL,
   BOARD_CONTENT VARCHAR2(4000) NULL;
    ENROLL_DATE DATE DEFAULT SYSDATE,
    MODIFIED_DATE DATE DEFAULT SYSDATE,
    BOARD_VIEWS VARCHAR2(10),
    BOARD_CATEGORY VARCHAR2(20),
    STATUS CHAR(1) DEFAULT 'Y' CHECK (STATUS IN ('Y', 'N')),
    FOREIGN KEY (USER_NO) REFERENCES MEMBER (USER_NO)
);

CREATE TABLE FILE_TABLE (
    FILE_NO VARCHAR2(10) NOT NULL PRIMARY KEY,
    BOARD_NO VARCHAR2(10) NOT NULL,
    USER_NO VARCHAR2(10) NOT NULL,
    ORIGIN_NAME VARCHAR2(200),
    CHANGE_NAME VARCHAR2(200),
    FOREIGN KEY (BOARD_NO) REFERENCES BOARD (BOARD_NO),
    FOREIGN KEY (USER_NO) REFERENCES MEMBER (USER_NO)
);

CREATE TABLE COMMENTS (
    COMMENT_NO VARCHAR2(10) NOT NULL PRIMARY KEY,
    BOARD_NO VARCHAR2(10) NOT NULL,
    USER_NO VARCHAR2(10) NOT NULL,
    CONTENT VARCHAR2(2000),
    CREATED_AT DATE DEFAULT SYSDATE,
    FOREIGN KEY (BOARD_NO) REFERENCES BOARD (BOARD_NO),
    FOREIGN KEY (USER_NO) REFERENCES MEMBER (USER_NO)
);

-- 트리거 설정
CREATE OR REPLACE TRIGGER trg_hospital_info_id
BEFORE INSERT ON HOSPITAL_INFO
FOR EACH ROW
BEGIN
    :NEW.HOS_NO := 'H' || TO_CHAR(SEQ_HOS_NO.NEXTVAL);
END;
/

CREATE OR REPLACE TRIGGER trg_hospital_account_id
BEFORE INSERT ON HOSPITAL_ACCOUNT
FOR EACH ROW
BEGIN
    :NEW.HOS_ACCOUNT_NO := 'HA' || TO_CHAR(SEQ_HOS_ACCOUNT_NO.NEXTVAL);
END;
/

CREATE OR REPLACE TRIGGER trg_reservation_id
BEFORE INSERT ON RESERVATION
FOR EACH ROW
BEGIN
    :NEW.RES_NO := 'R' || TO_CHAR(SEQ_RES_NO.NEXTVAL);
END;
/

CREATE OR REPLACE TRIGGER trg_member_id
BEFORE INSERT ON MEMBER
FOR EACH ROW
BEGIN
    :NEW.USER_NO := 'U' || TO_CHAR(SEQ_USER_NO.NEXTVAL);
END;
/

CREATE OR REPLACE TRIGGER trg_treatment_id
BEFORE INSERT ON TREATMENT
FOR EACH ROW
BEGIN
    :NEW.TREATMENT_NO := 'T' || TO_CHAR(SEQ_TREATMENT_NO.NEXTVAL);
END;
/

CREATE OR REPLACE TRIGGER trg_board_id
BEFORE INSERT ON BOARD
FOR EACH ROW
BEGIN
    :NEW.BOARD_NO := 'B' || TO_CHAR(SEQ_BOARD_NO.NEXTVAL);
END;
/

CREATE OR REPLACE TRIGGER trg_doctor_review_id
BEFORE INSERT ON DOCTOR_REVIEW
FOR EACH ROW
BEGIN
    :NEW.REVIEW_NO := 'RV' || TO_CHAR(SEQ_REVIEW_NO.NEXTVAL);
END;
/

CREATE OR REPLACE TRIGGER trg_file_table_id
BEFORE INSERT ON FILE_TABLE
FOR EACH ROW
BEGIN
    :NEW.FILE_NO := 'F' || TO_CHAR(SEQ_FILE_NO.NEXTVAL);
END;
/

CREATE OR REPLACE TRIGGER trg_medical_field_id
BEFORE INSERT ON MEDICAL_FIELD
FOR EACH ROW
BEGIN
    :NEW.MED_NO := 'M' || TO_CHAR(SEQ_MED_NO.NEXTVAL);
END;
/

CREATE OR REPLACE TRIGGER trg_board_views_id
BEFORE INSERT ON BOARD
FOR EACH ROW
BEGIN
    :NEW.BOARD_VIEWS := 'BV' || TO_CHAR(SEQ_BOARD_VIEWS.NEXTVAL);
END;
/

CREATE OR REPLACE TRIGGER trg_review_views_id
BEFORE INSERT ON DOCTOR_REVIEW
FOR EACH ROW
BEGIN
    :NEW.REVIEW_VIEWS := 'RV' || TO_CHAR(SEQ_REVIEW_VIEWS.NEXTVAL);
END;
/








INSERT INTO MEMBER (user_no,user_id, user_pwd, user_name, email, phone, birthday, address, gender) 
VALUES ('U1','user01', 'pwd01', 'Alice', 'alice@example.com', '010-1234-5678', TO_DATE('1990-01-01', 'YYYY-MM-DD'), 'Seoul, Korea', 'F');

INSERT INTO MEMBER (user_no,user_id, user_pwd, user_name, email, phone, birthday, address, gender) 
VALUES ('U2','user02', 'pwd02', 'Bob', 'bob@example.com', '010-2345-6789', TO_DATE('1992-02-02', 'YYYY-MM-DD'), 'Busan, Korea', 'M');

INSERT INTO MEMBER (user_no,user_id, user_pwd, user_name, email, phone, birthday, address, gender) 
VALUES ('U3','user03', 'pwd03', 'Charlie', 'charlie@example.com', '010-3456-7890', TO_DATE('1985-03-03', 'YYYY-MM-DD'), 'Incheon, Korea', 'M');

INSERT INTO MEMBER (user_no,user_id, user_pwd, user_name, email, phone, birthday, address, gender) 
VALUES ('U4','user04', 'pwd04', 'Diana', 'diana@example.com', '010-4567-8901', TO_DATE('1995-04-04', 'YYYY-MM-DD'), 'Daegu, Korea', 'F');

INSERT INTO MEMBER (user_no,user_id, user_pwd, user_name, email, phone, birthday, address, gender) 
VALUES ('U5','user05', 'pwd05', 'Evan', 'evan@example.com', '010-5678-9012', TO_DATE('1988-05-05', 'YYYY-MM-DD'), 'Gwangju, Korea', 'M');

INSERT INTO HOSPITAL_INFO (
    HOS_NO, HOS_NAME, HOS_ADDRESS, HOS_TEL, DEPARTMENT, 
    HOS_START_TIME1, HOS_CLOSE_TIME1, HOS_START_TIME2, HOS_CLOSE_TIME2, 
    HOS_LATITUDE, HOS_LONGITUDE
) VALUES 
('H1', 'Seoul Pediatrics Clinic', '123 Seoul Road, Seoul', '02-123-4567', '소아청소년과', 900, 1800, 1300, 1700, 37.5665, 126.9780);

INSERT INTO HOSPITAL_INFO (
    HOS_NO, HOS_NAME, HOS_ADDRESS, HOS_TEL, DEPARTMENT, 
    HOS_START_TIME1, HOS_CLOSE_TIME1, HOS_START_TIME2, HOS_CLOSE_TIME2, 
    HOS_LATITUDE, HOS_LONGITUDE
) VALUES 
('H2', 'Busan Kids Health', '456 Busan Road, Busan', '051-234-5678', '소아청소년과', 800, 1700, 1200, 1600, 35.1796, 129.0756);

INSERT INTO HOSPITAL_INFO (
    HOS_NO, HOS_NAME, HOS_ADDRESS, HOS_TEL, DEPARTMENT, 
    HOS_START_TIME1, HOS_CLOSE_TIME1, HOS_START_TIME2, HOS_CLOSE_TIME2, 
    HOS_LATITUDE, HOS_LONGITUDE
) VALUES 
('H3', 'Incheon Pediatric Center', '789 Incheon Road, Incheon', '032-345-6789', '소아청소년과', 830, 1800, 1230, 1730, 37.4563, 126.7052);

INSERT INTO HOSPITAL_INFO (
    HOS_NO, HOS_NAME, HOS_ADDRESS, HOS_TEL, DEPARTMENT, 
    HOS_START_TIME1, HOS_CLOSE_TIME1, HOS_START_TIME2, HOS_CLOSE_TIME2, 
    HOS_LATITUDE, HOS_LONGITUDE
) VALUES 
('H4', 'Daegu Pediatrics', '101 Daegu Road, Daegu', '053-456-7890', '소아청소년과', 900, 1900, 1400, 1800, 35.8714, 128.6014);

INSERT INTO HOSPITAL_INFO (
    HOS_NO, HOS_NAME, HOS_ADDRESS, HOS_TEL, DEPARTMENT, 
    HOS_START_TIME1, HOS_CLOSE_TIME1, HOS_START_TIME2, HOS_CLOSE_TIME2, 
    HOS_LATITUDE, HOS_LONGITUDE
) VALUES 
('H5', 'Gwangju Pediatrics Clinic', '202 Gwangju Road, Gwangju', '062-567-8901', '소아청소년과', 830, 1730, 1230, 1630, 35.1595, 126.8526);

INSERT INTO HOSPITAL_INFO (
    HOS_NO, HOS_NAME, HOS_ADDRESS, HOS_TEL, DEPARTMENT, 
    HOS_START_TIME1, HOS_CLOSE_TIME1, HOS_START_TIME2, HOS_CLOSE_TIME2, 
    HOS_LATITUDE, HOS_LONGITUDE
) VALUES 
('H6', 'Daejeon Kids Care', '303 Daejeon Road, Daejeon', '042-678-9012', '소아청소년과', 900, 1800, 1300, 1700, 36.3504, 127.3845);

INSERT INTO HOSPITAL_INFO (
    HOS_NO, HOS_NAME, HOS_ADDRESS, HOS_TEL, DEPARTMENT, 
    HOS_START_TIME1, HOS_CLOSE_TIME1, HOS_START_TIME2, HOS_CLOSE_TIME2, 
    HOS_LATITUDE, HOS_LONGITUDE
) VALUES 
('H7', 'Ulsan Pediatric Hospital', '404 Ulsan Road, Ulsan', '052-789-0123', '소아청소년과', 800, 1700, 1200, 1600, 35.5384, 129.3114);

INSERT INTO HOSPITAL_INFO (
    HOS_NO, HOS_NAME, HOS_ADDRESS, HOS_TEL, DEPARTMENT, 
    HOS_START_TIME1, HOS_CLOSE_TIME1, HOS_START_TIME2, HOS_CLOSE_TIME2, 
    HOS_LATITUDE, HOS_LONGITUDE
) VALUES 
('H8', 'Sejong Child Health Center', '505 Sejong Road, Sejong', '044-890-1234', '소아청소년과', 830, 1830, 1230, 1730, 36.4808, 127.2896);

INSERT INTO HOSPITAL_INFO (
    HOS_NO, HOS_NAME, HOS_ADDRESS, HOS_TEL, DEPARTMENT, 
    HOS_START_TIME1, HOS_CLOSE_TIME1, HOS_START_TIME2, HOS_CLOSE_TIME2, 
    HOS_LATITUDE, HOS_LONGITUDE
) VALUES 
('H9', 'Jeonju Pediatrics Clinic', '606 Jeonju Road, Jeonju', '063-901-2345', '소아청소년과', 800, 1700, 1200, 1600, 35.8251, 127.1457);

INSERT INTO HOSPITAL_INFO (
    HOS_NO, HOS_NAME, HOS_ADDRESS, HOS_TEL, DEPARTMENT, 
    HOS_START_TIME1, HOS_CLOSE_TIME1, HOS_START_TIME2, HOS_CLOSE_TIME2, 
    HOS_LATITUDE, HOS_LONGITUDE
) VALUES 
('H10', 'Chuncheon Pediatrics', '707 Chuncheon Road, Chuncheon', '033-012-3456', '소아청소년과', 900, 1900, 1400, 1800, 37.8813, 127.7298);

INSERT INTO HOSPITAL_INFO (HOS_NO, HOS_NAME, HOS_ADDRESS, HOS_TEL, DEPARTMENT, HOS_START_TIME1, HOS_CLOSE_TIME1, HOS_START_TIME2, HOS_CLOSE_TIME2, HOS_LATITUDE, HOS_LONGITUDE) VALUES ('H11', 'Anyang Pediatrics Clinic', '11 Anyang Road, Anyang', '031-111-1111', '소아청소년과', 900, 1800, 1300, 1700, 37.3943, 126.9568);
INSERT INTO HOSPITAL_INFO (HOS_NO, HOS_NAME, HOS_ADDRESS, HOS_TEL, DEPARTMENT, HOS_START_TIME1, HOS_CLOSE_TIME1, HOS_START_TIME2, HOS_CLOSE_TIME2, HOS_LATITUDE, HOS_LONGITUDE) VALUES ('H12', 'Gimhae Kids Health', '12 Gimhae Road, Gimhae', '055-222-2222', '소아청소년과', 800, 1700, 1200, 1600, 35.2341, 128.8891);
INSERT INTO HOSPITAL_INFO (HOS_NO, HOS_NAME, HOS_ADDRESS, HOS_TEL, DEPARTMENT, HOS_START_TIME1, HOS_CLOSE_TIME1, HOS_START_TIME2, HOS_CLOSE_TIME2, HOS_LATITUDE, HOS_LONGITUDE) VALUES ('H13', 'Pyeongtaek Pediatric Center', '13 Pyeongtaek Road, Pyeongtaek', '031-333-3333', '소아청소년과', 830, 1800, 1230, 1730, 36.9907, 127.0883);
INSERT INTO HOSPITAL_INFO (HOS_NO, HOS_NAME, HOS_ADDRESS, HOS_TEL, DEPARTMENT, HOS_START_TIME1, HOS_CLOSE_TIME1, HOS_START_TIME2, HOS_CLOSE_TIME2, HOS_LATITUDE, HOS_LONGITUDE) VALUES ('H14', 'Suwon Pediatrics', '14 Suwon Road, Suwon', '031-444-4444', '소아청소년과', 900, 1900, 1400, 1800, 37.2635, 127.0286);
INSERT INTO HOSPITAL_INFO (HOS_NO, HOS_NAME, HOS_ADDRESS, HOS_TEL, DEPARTMENT, HOS_START_TIME1, HOS_CLOSE_TIME1, HOS_START_TIME2, HOS_CLOSE_TIME2, HOS_LATITUDE, HOS_LONGITUDE) VALUES ('H15', 'Jeju Pediatric Clinic', '15 Jeju Road, Jeju', '064-555-5555', '소아청소년과', 830, 1730, 1230, 1630, 33.4996, 126.5312);
INSERT INTO HOSPITAL_INFO (HOS_NO, HOS_NAME, HOS_ADDRESS, HOS_TEL, DEPARTMENT, HOS_START_TIME1, HOS_CLOSE_TIME1, HOS_START_TIME2, HOS_CLOSE_TIME2, HOS_LATITUDE, HOS_LONGITUDE) VALUES ('H16', 'Pohang Kids Care', '16 Pohang Road, Pohang', '054-666-6666', '소아청소년과', 900, 1800, 1300, 1700, 36.0190, 129.3435);
INSERT INTO HOSPITAL_INFO (HOS_NO, HOS_NAME, HOS_ADDRESS, HOS_TEL, DEPARTMENT, HOS_START_TIME1, HOS_CLOSE_TIME1, HOS_START_TIME2, HOS_CLOSE_TIME2, HOS_LATITUDE, HOS_LONGITUDE) VALUES ('H17', 'Gyeongju Pediatric Hospital', '17 Gyeongju Road, Gyeongju', '054-777-7777', '소아청소년과', 800, 1700, 1200, 1600, 35.8562, 129.2248);
INSERT INTO HOSPITAL_INFO (HOS_NO, HOS_NAME, HOS_ADDRESS, HOS_TEL, DEPARTMENT, HOS_START_TIME1, HOS_CLOSE_TIME1, HOS_START_TIME2, HOS_CLOSE_TIME2, HOS_LATITUDE, HOS_LONGITUDE) VALUES ('H18', 'Asan Child Health Center', '18 Asan Road, Asan', '041-888-8888', '소아청소년과', 830, 1830, 1230, 1730, 36.7895, 127.0048);
INSERT INTO HOSPITAL_INFO (HOS_NO, HOS_NAME, HOS_ADDRESS, HOS_TEL, DEPARTMENT, HOS_START_TIME1, HOS_CLOSE_TIME1, HOS_START_TIME2, HOS_CLOSE_TIME2, HOS_LATITUDE, HOS_LONGITUDE) VALUES ('H19', 'Cheonan Pediatrics Clinic', '19 Cheonan Road, Cheonan', '041-999-9999', '소아청소년과', 900, 1800, 1300, 1700, 36.8151, 127.1139);
INSERT INTO HOSPITAL_INFO (HOS_NO, HOS_NAME, HOS_ADDRESS, HOS_TEL, DEPARTMENT, HOS_START_TIME1, HOS_CLOSE_TIME1, HOS_START_TIME2, HOS_CLOSE_TIME2, HOS_LATITUDE, HOS_LONGITUDE) VALUES ('H20', 'Guri Pediatrics', '20 Guri Road, Guri', '031-100-1000', '소아청소년과', 800, 1700, 1200, 1600, 37.5985, 127.1390);

INSERT INTO HOSPITAL_INFO (HOS_NO, HOS_NAME, HOS_ADDRESS, HOS_TEL, DEPARTMENT, HOS_START_TIME1, HOS_CLOSE_TIME1, HOS_START_TIME2, HOS_CLOSE_TIME2, HOS_LATITUDE, HOS_LONGITUDE) VALUES ('H21', 'Anyang Clinic', '11 Anyang Road, Anyang', '031-111-1111', '소아청소년과', 900, 1800, 1300, 1700, 37.3943, 126.968);
INSERT INTO HOSPITAL_INFO (HOS_NO, HOS_NAME, HOS_ADDRESS, HOS_TEL, DEPARTMENT, HOS_START_TIME1, HOS_CLOSE_TIME1, HOS_START_TIME2, HOS_CLOSE_TIME2, HOS_LATITUDE, HOS_LONGITUDE) VALUES ('H22', 'Gimha Health', '10 Gimhae Road, Gimhae', '055-222-2222', '소아청소년과', 800, 1700, 1200, 1600, 35.2341, 128.891);
INSERT INTO HOSPITAL_INFO (HOS_NO, HOS_NAME, HOS_ADDRESS, HOS_TEL, DEPARTMENT, HOS_START_TIME1, HOS_CLOSE_TIME1, HOS_START_TIME2, HOS_CLOSE_TIME2, HOS_LATITUDE, HOS_LONGITUDE) VALUES ('H23', 'Pediatric Center', '13 Pyeongtaek Road, Pyeongtaek', '031-333-3333', '소아청소년과', 830, 1800, 1230, 1730, 36.997, 127.0883);
INSERT INTO HOSPITAL_INFO (HOS_NO, HOS_NAME, HOS_ADDRESS, HOS_TEL, DEPARTMENT, HOS_START_TIME1, HOS_CLOSE_TIME1, HOS_START_TIME2, HOS_CLOSE_TIME2, HOS_LATITUDE, HOS_LONGITUDE) VALUES ('H24', 'Su Pediatrics', '13 Suwon Road, Suwon', '031-444-4444', '소아청소년과', 900, 1900, 1400, 1800, 37.2635, 127.026);
INSERT INTO HOSPITAL_INFO (HOS_NO, HOS_NAME, HOS_ADDRESS, HOS_TEL, DEPARTMENT, HOS_START_TIME1, HOS_CLOSE_TIME1, HOS_START_TIME2, HOS_CLOSE_TIME2, HOS_LATITUDE, HOS_LONGITUDE) VALUES ('H25', 'Je Pediatric Clinic', '15 Jeju Road, Jeju', '064-555-5555', '소아청소년과', 830, 1730, 1230, 1630, 33.4996, 126.512);
INSERT INTO HOSPITAL_INFO (HOS_NO, HOS_NAME, HOS_ADDRESS, HOS_TEL, DEPARTMENT, HOS_START_TIME1, HOS_CLOSE_TIME1, HOS_START_TIME2, HOS_CLOSE_TIME2, HOS_LATITUDE, HOS_LONGITUDE) VALUES ('H26', 'Pohangds Care', '15 Pohang Road, Pohang', '054-666-6666', '소아청소년과', 900, 1800, 1300, 1700, 36.0190, 129.335);
INSERT INTO HOSPITAL_INFO (HOS_NO, HOS_NAME, HOS_ADDRESS, HOS_TEL, DEPARTMENT, HOS_START_TIME1, HOS_CLOSE_TIME1, HOS_START_TIME2, HOS_CLOSE_TIME2, HOS_LATITUDE, HOS_LONGITUDE) VALUES ('H27', 'Pediatric Hospital', '17 Gyeongju Road, Gyeongju', '054-777-7777', '소아청소년과', 800, 1700, 1200, 1600, 35.862, 129.2248);
INSERT INTO HOSPITAL_INFO (HOS_NO, HOS_NAME, HOS_ADDRESS, HOS_TEL, DEPARTMENT, HOS_START_TIME1, HOS_CLOSE_TIME1, HOS_START_TIME2, HOS_CLOSE_TIME2, HOS_LATITUDE, HOS_LONGITUDE) VALUES ('H28', 'Child Health Center', '18 Asan Road, Asan', '041-888-8888', '소아청소년과', 830, 1830, 1230, 1730, 36.7895, 17.0048);
INSERT INTO HOSPITAL_INFO (HOS_NO, HOS_NAME, HOS_ADDRESS, HOS_TEL, DEPARTMENT, HOS_START_TIME1, HOS_CLOSE_TIME1, HOS_START_TIME2, HOS_CLOSE_TIME2, HOS_LATITUDE, HOS_LONGITUDE) VALUES ('H29', 'Pediatrics Clinic', '19 Cheonan Road, Cheonan', '041-999-9999', '소아청소년과', 900, 1800, 1300, 1700, 36.851, 127.1139);
INSERT INTO HOSPITAL_INFO (HOS_NO, HOS_NAME, HOS_ADDRESS, HOS_TEL, DEPARTMENT, HOS_START_TIME1, HOS_CLOSE_TIME1, HOS_START_TIME2, HOS_CLOSE_TIME2, HOS_LATITUDE, HOS_LONGITUDE) VALUES ('H30', 'Pediatrics', '20 Guri Road, Guri', '031-100-1000', '소아청소년과', 800, 1700, 1200, 1600, 37.5985, 127.190);

INSERT INTO HOSPITAL_INFO (HOS_NO, HOS_NAME, HOS_ADDRESS, HOS_TEL, DEPARTMENT, HOS_START_TIME1, HOS_CLOSE_TIME1, HOS_START_TIME2, HOS_CLOSE_TIME2, HOS_LATITUDE, HOS_LONGITUDE) VALUES ('H31', 'Anyang Pediatrics Clinic', '11 Anyang Road, Anyang', '031-111-1111', '소아청소년과', 900, 1800, 1300, 1700, 37.3943, 126.9568);
INSERT INTO HOSPITAL_INFO (HOS_NO, HOS_NAME, HOS_ADDRESS, HOS_TEL, DEPARTMENT, HOS_START_TIME1, HOS_CLOSE_TIME1, HOS_START_TIME2, HOS_CLOSE_TIME2, HOS_LATITUDE, HOS_LONGITUDE) VALUES ('H32', 'Gimhae Kids Health', '12 Gimhae Road, Gimhae', '055-222-2222', '소아청소년과', 800, 1700, 1200, 1600, 35.2341, 128.8891);
INSERT INTO HOSPITAL_INFO (HOS_NO, HOS_NAME, HOS_ADDRESS, HOS_TEL, DEPARTMENT, HOS_START_TIME1, HOS_CLOSE_TIME1, HOS_START_TIME2, HOS_CLOSE_TIME2, HOS_LATITUDE, HOS_LONGITUDE) VALUES ('H33', 'Pyeongtaek Pediatric Center', '13 Pyeongtaek Road, Pyeongtaek', '031-333-3333', '소아청소년과', 830, 1800, 1230, 1730, 36.9907, 127.0883);
INSERT INTO HOSPITAL_INFO (HOS_NO, HOS_NAME, HOS_ADDRESS, HOS_TEL, DEPARTMENT, HOS_START_TIME1, HOS_CLOSE_TIME1, HOS_START_TIME2, HOS_CLOSE_TIME2, HOS_LATITUDE, HOS_LONGITUDE) VALUES ('H34', 'Suwon Pediatrics', '14 Suwon Road, Suwon', '031-444-4444', '소아청소년과', 900, 1900, 1400, 1800, 37.2635, 127.0286);
INSERT INTO HOSPITAL_INFO (HOS_NO, HOS_NAME, HOS_ADDRESS, HOS_TEL, DEPARTMENT, HOS_START_TIME1, HOS_CLOSE_TIME1, HOS_START_TIME2, HOS_CLOSE_TIME2, HOS_LATITUDE, HOS_LONGITUDE) VALUES ('H35', 'Jeju Pediatric Clinic', '15 Jeju Road, Jeju', '064-555-5555', '소아청소년과', 830, 1730, 1230, 1630, 33.4996, 126.5312);
INSERT INTO HOSPITAL_INFO (HOS_NO, HOS_NAME, HOS_ADDRESS, HOS_TEL, DEPARTMENT, HOS_START_TIME1, HOS_CLOSE_TIME1, HOS_START_TIME2, HOS_CLOSE_TIME2, HOS_LATITUDE, HOS_LONGITUDE) VALUES ('H36', 'Pohang Kids Care', '16 Pohang Road, Pohang', '054-666-6666', '소아청소년과', 900, 1800, 1300, 1700, 36.0190, 129.3435);
INSERT INTO HOSPITAL_INFO (HOS_NO, HOS_NAME, HOS_ADDRESS, HOS_TEL, DEPARTMENT, HOS_START_TIME1, HOS_CLOSE_TIME1, HOS_START_TIME2, HOS_CLOSE_TIME2, HOS_LATITUDE, HOS_LONGITUDE) VALUES ('H37', 'Gyeongju Pediatric Hospital', '17 Gyeongju Road, Gyeongju', '054-777-7777', '소아청소년과', 800, 1700, 1200, 1600, 35.8562, 129.2248);
INSERT INTO HOSPITAL_INFO (HOS_NO, HOS_NAME, HOS_ADDRESS, HOS_TEL, DEPARTMENT, HOS_START_TIME1, HOS_CLOSE_TIME1, HOS_START_TIME2, HOS_CLOSE_TIME2, HOS_LATITUDE, HOS_LONGITUDE) VALUES ('H38', 'Asan Child Health Center', '18 Asan Road, Asan', '041-888-8888', '소아청소년과', 830, 1830, 1230, 1730, 36.7895, 127.0048);
INSERT INTO HOSPITAL_INFO (HOS_NO, HOS_NAME, HOS_ADDRESS, HOS_TEL, DEPARTMENT, HOS_START_TIME1, HOS_CLOSE_TIME1, HOS_START_TIME2, HOS_CLOSE_TIME2, HOS_LATITUDE, HOS_LONGITUDE) VALUES ('H39', 'Cheonan Pediatrics Clinic', '19 Cheonan Road, Cheonan', '041-999-9999', '소아청소년과', 900, 1800, 1300, 1700, 36.8151, 127.1139);
INSERT INTO HOSPITAL_INFO (HOS_NO, HOS_NAME, HOS_ADDRESS, HOS_TEL, DEPARTMENT, HOS_START_TIME1, HOS_CLOSE_TIME1, HOS_START_TIME2, HOS_CLOSE_TIME2, HOS_LATITUDE, HOS_LONGITUDE) VALUES ('H40', 'Guri Pediatrics', '20 Guri Road, Guri', '031-100-1000', '소아청소년과', 800, 1700, 1200, 1600, 37.5985, 127.1390);


INSERT INTO HOSPITAL_ACCOUNT (HOS_NO, HOS_ID, HOS_PWD, HOS_ONDUTY, HOS_PARKING) VALUES ('H1', 'hos1', 'pwd1', 'Y', '10');
INSERT INTO HOSPITAL_ACCOUNT (HOS_NO, HOS_ID, HOS_PWD, HOS_ONDUTY, HOS_PARKING) VALUES ('H2', 'hos2', 'pwd2', 'N', '15');
INSERT INTO HOSPITAL_ACCOUNT (HOS_NO, HOS_ID, HOS_PWD, HOS_ONDUTY, HOS_PARKING) VALUES ('H3', 'hos3', 'pwd3', 'Y', '20');
INSERT INTO HOSPITAL_ACCOUNT (HOS_NO, HOS_ID, HOS_PWD, HOS_ONDUTY, HOS_PARKING) VALUES ('H4', 'hos4', 'pwd4', 'Y', '12');
INSERT INTO HOSPITAL_ACCOUNT (HOS_NO, HOS_ID, HOS_PWD, HOS_ONDUTY, HOS_PARKING) VALUES ('H5', 'hos5', 'pwd5', 'N', '8');
INSERT INTO HOSPITAL_ACCOUNT (HOS_NO, HOS_ID, HOS_PWD, HOS_ONDUTY, HOS_PARKING) VALUES ('H6', 'hos6', 'pwd6', 'Y', '25');
INSERT INTO HOSPITAL_ACCOUNT (HOS_NO, HOS_ID, HOS_PWD, HOS_ONDUTY, HOS_PARKING) VALUES ('H7', 'hos7', 'pwd7', 'N', '30');
INSERT INTO HOSPITAL_ACCOUNT (HOS_NO, HOS_ID, HOS_PWD, HOS_ONDUTY, HOS_PARKING) VALUES ('H8', 'hos8', 'pwd8', 'Y', '18');
INSERT INTO HOSPITAL_ACCOUNT (HOS_NO, HOS_ID, HOS_PWD, HOS_ONDUTY, HOS_PARKING) VALUES ('H9', 'hos9', 'pwd9', 'Y', '22');
INSERT INTO HOSPITAL_ACCOUNT (HOS_NO, HOS_ID, HOS_PWD, HOS_ONDUTY, HOS_PARKING) VALUES ('H10', 'hos10', 'pwd10', 'N', '16');
INSERT INTO HOSPITAL_ACCOUNT (HOS_NO, HOS_ID, HOS_PWD, HOS_ONDUTY, HOS_PARKING) VALUES ('H11', 'hos11', 'pwd11', 'Y', '12');
INSERT INTO HOSPITAL_ACCOUNT (HOS_NO, HOS_ID, HOS_PWD, HOS_ONDUTY, HOS_PARKING) VALUES ('H12', 'hos12', 'pwd12', 'N', '8');
INSERT INTO HOSPITAL_ACCOUNT (HOS_NO, HOS_ID, HOS_PWD, HOS_ONDUTY, HOS_PARKING) VALUES ('H13', 'hos13', 'pwd13', 'Y', '10');
INSERT INTO HOSPITAL_ACCOUNT (HOS_NO, HOS_ID, HOS_PWD, HOS_ONDUTY, HOS_PARKING) VALUES ('H14', 'hos14', 'pwd14', 'Y', '14');
INSERT INTO HOSPITAL_ACCOUNT (HOS_NO, HOS_ID, HOS_PWD, HOS_ONDUTY, HOS_PARKING) VALUES ('H15', 'hos15', 'pwd15', 'N', '6');
INSERT INTO HOSPITAL_ACCOUNT (HOS_NO, HOS_ID, HOS_PWD, HOS_ONDUTY, HOS_PARKING) VALUES ('H16', 'hos16', 'pwd16', 'Y', '10');
INSERT INTO HOSPITAL_ACCOUNT (HOS_NO, HOS_ID, HOS_PWD, HOS_ONDUTY, HOS_PARKING) VALUES ('H17', 'hos17', 'pwd17', 'N', '20');
INSERT INTO HOSPITAL_ACCOUNT (HOS_NO, HOS_ID, HOS_PWD, HOS_ONDUTY, HOS_PARKING) VALUES ('H18', 'hos18', 'pwd18', 'Y', '15');
INSERT INTO HOSPITAL_ACCOUNT (HOS_NO, HOS_ID, HOS_PWD, HOS_ONDUTY, HOS_PARKING) VALUES ('H19', 'hos19', 'pwd19', 'Y', '18');
INSERT INTO HOSPITAL_ACCOUNT (HOS_NO, HOS_ID, HOS_PWD, HOS_ONDUTY, HOS_PARKING) VALUES ('H20', 'hos20', 'pwd20', 'N', '12');

SELECT * FROM HOSPITAL_INFO;


COMMIT;


